id,formattedAddress,addressLine1,addressLine2,city,state,stateFips,zipCode,county,countyFips,latitude,longitude,propertyType,bedrooms,bathrooms,squareFootage,yearBuilt,status,price,listingType,listedDate,removedDate,createdDate,lastSeenDate,daysOnMarket,mlsName,mlsNumber,listingAgent,listingOffice,history,hoa,lotSize
"3082-Camden-Dr,-Troy,-MI-48084","3082 Camden Dr, Troy, MI 48084",3082 Camden Dr,,Troy,MI,26,48084,Oakland,125,42.546797,-83.189108,Condo,2,2.5,1910,2003.0,Active,2500,Standard,2026-02-21T00:00:00.000Z,,2023-07-14T00:00:00.000Z,2026-04-16T01:46:05.109Z,55,Realcomp,20261010873,"{'name': 'Nadia Alsaadi', 'phone': '2488244207', 'email': 'nadiahomes11@gmail.com'}","{'name': 'National Realty Centers-Northville', 'phone': '2484681444', 'email': 'craig@nationalrealtycenters.com', 'website': 'www.nationalrealtycenters.com'}","{'2026-02-21': {'event': 'Rental Listing', 'price': 2500, 'listingType': 'Standard', 'listedDate': '2026-02-21T00:00:00.000Z', 'removedDate': None, 'daysOnMarket': 55}}",,
"2845-Summers-Pl,-Troy,-MI-48084","2845 Summers Pl, Troy, MI 48084",2845 Summers Pl,,Troy,MI,26,48084,Oakland,125,42.55999,-83.172726,Townhouse,3,2.5,1665,2024.0,Active,3500,Standard,2026-03-16T00:00:00.000Z,,2025-09-22T00:00:00.000Z,2026-04-16T00:56:57.055Z,32,Realcomp,20261016831,"{'name': 'Jinwook Hwang', 'phone': '2482608088', 'email': 'danhwang@avarealestateonline.com'}","{'name': 'A.V.A. Real Estate', 'phone': '5867465164'}","{'2025-09-21': {'event': 'Rental Listing', 'price': 3500, 'listingType': 'Standard', 'listedDate': '2025-09-21T00:00:00.000Z', 'removedDate': '2025-11-26T00:00:00.000Z', 'daysOnMarket': 66}, '2026-03-16': {'event': 'Rental Listing', 'price': 3500, 'listingType': 'Standard', 'listedDate': '2026-03-16T00:00:00.000Z', 'removedDate': None, 'daysOnMarket': 32}}",{'fee': 249},
"3286-Camden-Dr,-Troy,-MI-48084","3286 Camden Dr, Troy, MI 48084",3286 Camden Dr,,Troy,MI,26,48084,Oakland,125,42.546797,-83.189108,Condo,2,2.5,1550,2004.0,Active,2500,Standard,2026-03-06T00:00:00.000Z,,2025-01-04T00:00:00.000Z,2026-04-16T00:56:57.035Z,42,Realcomp,20261009445,"{'name': 'Bianca Reed', 'phone': '5866105839', 'email': 'biancareedrealtor@gmail.com'}","{'name': 'Community Choice Realty Inc', 'phone': '2487290011', 'email': 'anthonydjon@gmail.com', 'website': 'https://www.homesforsaleinmich.com/'}","{'2025-01-03': {'event': 'Rental Listing', 'price': 2400, 'listingType': 'Standard', 'listedDate': '2025-01-03T00:00:00.000Z', 'removedDate': '2025-03-04T00:00:00.000Z', 'daysOnMarket': 60}, '2026-03-06': {'event': 'Rental Listing', 'price': 2500, 'listingType': 'Standard', 'listedDate': '2026-03-06T00:00:00.000Z', 'removedDate': None, 'daysOnMarket': 42}}",,
"3965-Westcreek-Dr,-Troy,-MI-48084","3965 Westcreek Dr, Troy, MI 48084",3965 Westcreek Dr,,Troy,MI,26,48084,Oakland,125,42.574978,-83.166809,Apartment,0,1.0,540,,Active,1550,Standard,2024-08-15T00:00:00.000Z,,2025-07-18T00:00:00.000Z,2026-04-16T00:46:46.064Z,610,,,,,"{'2024-08-15': {'event': 'Rental Listing', 'price': 1550, 'listingType': 'Standard', 'listedDate': '2024-08-15T00:00:00.000Z', 'removedDate': None, 'daysOnMarket': 610}}",,
"1965-Axtell-Dr,-Apt-4,-Troy,-MI-48084","1965 Axtell Dr, Apt 4, Troy, MI 48084",1965 Axtell Dr,Apt 4,Troy,MI,26,48084,Oakland,125,42.55088,-83.183648,Apartment,2,2.0,1034,1968.0,Active,1650,Standard,2026-04-08T00:00:00.000Z,,2026-04-08T00:00:00.000Z,2026-04-16T00:30:14.732Z,9,Realcomp,20261015128,"{'name': 'Sanchari Das', 'phone': '2489630505', 'email': 'sancharidas0@gmail.com'}","{'name': 'Brookstone Realtors Llc', 'phone': '2489630505', 'email': 'brandon@brandonmulrenin.com'}","{'2026-04-08': {'event': 'Rental Listing', 'price': 1650, 'listingType': 'Standard', 'listedDate': '2026-04-08T00:00:00.000Z', 'removedDate': None, 'daysOnMarket': 9}}",{'fee': 245},
"2751-Melcombe-Cir,-Troy,-MI-48084","2751 Melcombe Cir, Troy, MI 48084",2751 Melcombe Cir,,Troy,MI,26,48084,Oakland,125,42.55885,-83.17183,Apartment,1,1.0,875,2001.0,Active,1576,Standard,2024-10-22T00:00:00.000Z,,2019-11-06T10:55:36.573Z,2026-04-16T00:30:14.718Z,542,,,,,"{'2024-10-22': {'event': 'Rental Listing', 'price': 1576, 'listingType': 'Standard', 'listedDate': '2024-10-22T00:00:00.000Z', 'removedDate': None, 'daysOnMarket': 542}}",,
"2852-Mayfair-Dr,-Troy,-MI-48084","2852 Mayfair Dr, Troy, MI 48084",2852 Mayfair Dr,,Troy,MI,26,48084,Oakland,125,42.559205,-83.194682,Single Family,4,2.5,2345,1976.0,Active,3300,Standard,2026-04-11T00:00:00.000Z,,2024-07-09T00:00:00.000Z,2026-04-16T00:30:14.704Z,6,Realcomp,20261024137,"{'name': 'Jie Reynolds', 'phone': '2489612091', 'email': 'reynoldsjie@gmail.com', 'website': 'http://blueskyrealtyexperts.com'}","{'name': 'Bluesky Realty Experts', 'phone': '2482050181'}","{'2024-07-08': {'event': 'Rental Listing', 'price': 3200, 'listingType': 'Standard', 'listedDate': '2024-07-08T00:00:00.000Z', 'removedDate': '2024-10-17T00:00:00.000Z', 'daysOnMarket': 101}, '2024-10-26': {'event': 'Rental Listing', 'price': 3100, 'listingType': 'Standard', 'listedDate': '2024-10-26T00:00:00.000Z', 'removedDate': '2024-11-11T00:00:00.000Z', 'daysOnMarket': 16}, '2025-05-18': {'event': 'Rental Listing', 'price': 3200, 'listingType': 'Standard', 'listedDate': '2025-05-18T00:00:00.000Z', 'removedDate': '2025-06-17T00:00:00.000Z', 'daysOnMarket': 30}, '2026-04-11': {'event': 'Rental Listing', 'price': 3300, 'listingType': 'Standard', 'listedDate': '2026-04-11T00:00:00.000Z', 'removedDate': None, 'daysOnMarket': 6}}",,13939.0
"3248-Newbury-Pl,-Unit-11,-Troy,-MI-48084","3248 Newbury Pl, Unit 11, Troy, MI 48084",3248 Newbury Pl,Unit 11,Troy,MI,26,48084,Oakland,125,42.546422,-83.188518,Townhouse,2,2.5,1398,2001.0,Active,2300,Standard,2026-04-11T00:00:00.000Z,,2022-02-10T02:01:31.825Z,2026-04-16T00:07:01.417Z,6,Realcomp,20261024143,"{'name': 'Elisa C Y Chen', 'phone': '2488168500', 'email': 'elisachen88@gmail.com'}","{'name': 'Community Choice Realty Inc', 'phone': '2487290011', 'email': 'anthonydjon@gmail.com', 'website': 'https://www.homesforsaleinmich.com/'}","{'2026-04-11': {'event': 'Rental Listing', 'price': 2300, 'listingType': 'Standard', 'listedDate': '2026-04-11T00:00:00.000Z', 'removedDate': None, 'daysOnMarket': 6}}",{'fee': 365},
"3165-Alpine-Rd,-Troy,-MI-48084","3165 Alpine Rd, Troy, MI 48084",3165 Alpine Rd,,Troy,MI,26,48084,Oakland,125,42.5642,-83.176681,Single Family,3,1.5,1706,1958.0,Active,2400,Standard,2026-04-14T00:00:00.000Z,,2026-04-15T00:00:00.000Z,2026-04-16T00:07:01.388Z,3,Realcomp,20261024797,"{'name': 'Shayaan Hasnain', 'phone': '2486026266', 'email': 'shayaanhasnain@gmail.com'}","{'name': 'Golden Key Realty Group LLC', 'phone': '2484642647', 'email': 'nwhite@thinksion.com'}","{'2026-04-14': {'event': 'Rental Listing', 'price': 2400, 'listingType': 'Standard', 'listedDate': '2026-04-14T00:00:00.000Z', 'removedDate': None, 'daysOnMarket': 3}}",,36155.0
"2790-Lanergan-Dr,-Troy,-MI-48084","2790 Lanergan Dr, Troy, MI 48084",2790 Lanergan Dr,,Troy,MI,26,48084,Oakland,125,42.571029,-83.202222,Single Family,3,2.5,2072,1963.0,Active,4400,Standard,2026-04-15T00:00:00.000Z,,2024-07-31T00:00:00.000Z,2026-04-16T00:07:01.380Z,2,Realcomp,20261023741,"{'name': 'Robert  Haber', 'phone': '2485900800', 'email': 'rob@robhaber.com', 'website': 'www.robhaber.com'}","{'name': 'Keller Williams DOMAIN Birmingham', 'phone': '2485900800', 'email': 'klrw1017@kw.com'}","{'2026-04-15': {'event': 'Rental Listing', 'price': 4400, 'listingType': 'Standard', 'listedDate': '2026-04-15T00:00:00.000Z', 'removedDate': None, 'daysOnMarket': 2}}",,3310560.0
"561-Kirts-Blvd,-Troy,-MI-48084","561 Kirts Blvd, Troy, MI 48084",561 Kirts Blvd,,Troy,MI,26,48084,Oakland,125,42.555496,-83.156066,Apartment,1,1.0,850,1974.0,Active,1299,Standard,2024-04-12T00:00:00.000Z,,2019-11-06T11:00:36.453Z,2026-04-16T00:07:01.359Z,735,,,,,"{'2024-04-12': {'event': 'Rental Listing', 'price': 1299, 'listingType': 'Standard', 'listedDate': '2024-04-12T00:00:00.000Z', 'removedDate': None, 'daysOnMarket': 735}}",,
"295-Kirts-Blvd,-Troy,-MI-48084","295 Kirts Blvd, Troy, MI 48084",295 Kirts Blvd,,Troy,MI,26,48084,Oakland,125,42.555958,-83.152122,Apartment,0,1.0,623,,Active,1700,Standard,2025-08-22T00:00:00.000Z,,2025-08-24T00:00:00.000Z,2026-04-16T00:07:01.341Z,238,,,,,"{'2025-08-22': {'event': 'Rental Listing', 'price': 1700, 'listingType': 'Standard', 'listedDate': '2025-08-22T00:00:00.000Z', 'removedDate': None, 'daysOnMarket': 238}}",,
"1911-Golfview-Dr,-Troy,-MI-48084","1911 Golfview Dr, Troy, MI 48084",1911 Golfview Dr,,Troy,MI,26,48084,Oakland,125,42.55568,-83.18524,Apartment,1,1.0,850,1965.0,Active,1275,Standard,2025-01-03T00:00:00.000Z,,2019-11-06T10:55:40.465Z,2026-04-16T00:07:01.330Z,469,,,,,"{'2025-01-03': {'event': 'Rental Listing', 'price': 1275, 'listingType': 'Standard', 'listedDate': '2025-01-03T00:00:00.000Z', 'removedDate': None, 'daysOnMarket': 469}}",,
"177-Wilshire-Dr,-Apt-825,-Troy,-MI-48084","177 Wilshire Dr, Apt 825, Troy, MI 48084",177 Wilshire Dr,Apt 825,Troy,MI,26,48084,Oakland,125,42.563885,-83.163223,Apartment,1,1.0,750,,Active,3480,Standard,2026-04-15T00:00:00.000Z,,2025-03-06T00:00:00.000Z,2026-04-15T02:37:16.659Z,1,,,,,"{'2026-04-15': {'event': 'Rental Listing', 'price': 3480, 'listingType': 'Standard', 'listedDate': '2026-04-15T00:00:00.000Z', 'removedDate': None, 'daysOnMarket': 1}}",,
"3054-Camden-Dr,-Troy,-MI-48084","3054 Camden Dr, Troy, MI 48084",3054 Camden Dr,,Troy,MI,26,48084,Oakland,125,42.546797,-83.189108,Townhouse,2,2.5,1400,,Active,2300,Standard,2024-08-14T00:00:00.000Z,,2026-04-13T00:00:00.000Z,2026-04-15T02:36:46.136Z,610,,,,,"{'2024-08-14': {'event': 'Rental Listing', 'price': 2300, 'listingType': 'Standard', 'listedDate': '2024-08-14T00:00:00.000Z', 'removedDate': None, 'daysOnMarket': 610}}",,
"2690-Crooks-Rd,-Troy,-MI-48084","2690 Crooks Rd, Troy, MI 48084",2690 Crooks Rd,,Troy,MI,26,48084,Oakland,125,42.558846,-83.166443,Apartment,1,1.0,1101,,Active,1999,Standard,2025-10-16T00:00:00.000Z,,2025-10-17T00:00:00.000Z,2026-04-15T02:36:28.800Z,182,,,,,"{'2025-10-16': {'event': 'Rental Listing', 'price': 1999, 'listingType': 'Standard', 'listedDate': '2025-10-16T00:00:00.000Z', 'removedDate': None, 'daysOnMarket': 182}}",,
"1404-Raliegh-Pl,-Troy,-MI-48084","1404 Raliegh Pl, Troy, MI 48084",1404 Raliegh Pl,,Troy,MI,26,48084,Oakland,125,42.546422,-83.188518,Townhouse,2,2.0,1384,2002.0,Active,2350,Standard,2026-03-30T00:00:00.000Z,,2020-08-25T17:53:52.231Z,2026-04-15T02:03:17.952Z,17,Realcomp,20261020553,"{'name': 'Justen Alias Ask About Our Buyer Rebate', 'phone': '2487305411', 'email': 'aliasjus@gmail.com', 'website': 'https://www.coldwellbankerhomes.com/fl/miami-beach/agent/justen-alias/aid_187017/'}","{'name': 'Max Broock Realtors West Bloomfield', 'phone': '2488514100', 'email': 'customercare@realestateone.com', 'website': 'http://www.realestateone.com'}","{'2025-05-19': {'event': 'Rental Listing', 'price': 2400, 'listingType': 'Standard', 'listedDate': '2025-05-19T00:00:00.000Z', 'removedDate': '2025-06-21T00:00:00.000Z', 'daysOnMarket': 33}, '2025-09-16': {'event': 'Rental Listing', 'price': 2350, 'listingType': 'Standard', 'listedDate': '2025-09-16T00:00:00.000Z', 'removedDate': '2026-03-02T00:00:00.000Z', 'daysOnMarket': 167}, '2026-03-30': {'event': 'Rental Listing', 'price': 2350, 'listingType': 'Standard', 'listedDate': '2026-03-30T00:00:00.000Z', 'removedDate': None, 'daysOnMarket': 17}}",,
"2882-Summers-Pl,-Troy,-MI-48084","2882 Summers Pl, Troy, MI 48084",2882 Summers Pl,,Troy,MI,26,48084,Oakland,125,42.55999,-83.172726,Townhouse,3,2.5,1759,2024.0,Active,3500,Standard,2026-04-06T00:00:00.000Z,,2025-01-05T00:00:00.000Z,2026-04-14T01:32:22.783Z,9,Realcomp,20261021981,"{'name': 'Jie Reynolds', 'phone': '2489612091', 'email': 'reynoldsjie@gmail.com', 'website': 'http://blueskyrealtyexperts.com'}","{'name': 'Bluesky Realty Experts', 'phone': '2482050181'}","{'2025-01-05': {'event': 'Rental Listing', 'price': 3400, 'listingType': 'Standard', 'listedDate': '2025-01-05T00:00:00.000Z', 'removedDate': '2025-05-18T00:00:00.000Z', 'daysOnMarket': 133}, '2026-04-06': {'event': 'Rental Listing', 'price': 3500, 'listingType': 'Standard', 'listedDate': '2026-04-06T00:00:00.000Z', 'removedDate': None, 'daysOnMarket': 9}}",{'fee': 249},
"2886-Summers-Pl,-Troy,-MI-48084","2886 Summers Pl, Troy, MI 48084",2886 Summers Pl,,Troy,MI,26,48084,Oakland,125,42.55999,-83.172726,Townhouse,3,2.5,1666,2024.0,Active,3500,Standard,2026-03-27T00:00:00.000Z,,2024-12-12T00:00:00.000Z,2026-04-13T02:22:54.703Z,18,Realcomp,20261019593,"{'name': 'Jie Reynolds', 'phone': '2489612091', 'email': 'reynoldsjie@gmail.com', 'website': 'http://blueskyrealtyexperts.com'}","{'name': 'Bluesky Realty Experts', 'phone': '2482050181'}","{'2024-12-11': {'event': 'Rental Listing', 'price': 3500, 'listingType': 'Standard', 'listedDate': '2024-12-11T00:00:00.000Z', 'removedDate': '2025-04-07T00:00:00.000Z', 'daysOnMarket': 117}, '2026-03-27': {'event': 'Rental Listing', 'price': 3500, 'listingType': 'Standard', 'listedDate': '2026-03-27T00:00:00.000Z', 'removedDate': None, 'daysOnMarket': 18}}",{'fee': 249},
"3715-Ledge-Dr,-Troy,-MI-48084","3715 Ledge Dr, Troy, MI 48084",3715 Ledge Dr,,Troy,MI,26,48084,Oakland,125,42.571431,-83.189183,Single Family,4,2.5,2028,1969.0,Inactive,3500,Standard,2026-04-02T00:00:00.000Z,2026-04-10T00:00:00.000Z,2025-11-02T00:00:00.000Z,2026-04-09T01:47:26.365Z,8,Realcomp,20261021211,"{'name': 'Julia Walker', 'phone': '2482276264', 'email': 'juliawalkerrealtor@gmail.com', 'website': 'http://juliawalkerrealtor.com'}","{'name': ""@properties REMI Christie's Int'l RE Birmingham"", 'phone': '2488508632', 'email': 'birmingham@atpropertiesremi.com', 'website': 'https://www.atproperties.com/remi/neighborhoods/mi/birmingham'}","{'2025-11-01': {'event': 'Rental Listing', 'price': 3275, 'listingType': 'Standard', 'listedDate': '2025-11-01T00:00:00.000Z', 'removedDate': '2026-02-06T00:00:00.000Z', 'daysOnMarket': 97}, '2026-02-12': {'event': 'Rental Listing', 'price': 3200, 'listingType': 'Standard', 'listedDate': '2026-02-12T00:00:00.000Z', 'removedDate': '2026-02-22T00:00:00.000Z', 'daysOnMarket': 10}, '2026-04-02': {'event': 'Rental Listing', 'price': 3500, 'listingType': 'Standard', 'listedDate': '2026-04-02T00:00:00.000Z', 'removedDate': '2026-04-10T00:00:00.000Z', 'daysOnMarket': 8}}",,15682.0
"116-Regents-Dr,-Troy,-MI-48084","116 Regents Dr, Troy, MI 48084",116 Regents Dr,,Troy,MI,26,48084,Oakland,125,42.553046,-83.149563,Townhouse,3,2.5,1500,1984.0,Inactive,2200,Standard,2026-02-02T00:00:00.000Z,2026-04-07T00:00:00.000Z,2020-06-15T15:52:24.981Z,2026-04-06T02:06:27.162Z,64,,,,,"{'2025-05-12': {'event': 'Rental Listing', 'price': 2300, 'listingType': 'Standard', 'listedDate': '2025-05-12T00:00:00.000Z', 'removedDate': '2025-08-02T00:00:00.000Z', 'daysOnMarket': 82}, '2025-08-05': {'event': 'Rental Listing', 'price': 2200, 'listingType': 'Standard', 'listedDate': '2025-08-05T00:00:00.000Z', 'removedDate': '2025-08-24T00:00:00.000Z', 'daysOnMarket': 19}, '2026-02-02': {'event': 'Rental Listing', 'price': 2200, 'listingType': 'Standard', 'listedDate': '2026-02-02T00:00:00.000Z', 'removedDate': '2026-04-07T00:00:00.000Z', 'daysOnMarket': 64}}",,
"40-Regents-Dr,-Troy,-MI-48084","40 Regents Dr, Troy, MI 48084",40 Regents Dr,,Troy,MI,26,48084,Oakland,125,42.553048,-83.148008,Single Family,2,2.0,1458,1954.0,Inactive,1800,Standard,2026-01-26T00:00:00.000Z,2026-04-07T00:00:00.000Z,2023-09-15T00:00:00.000Z,2026-04-06T02:06:27.161Z,71,Realcomp,20261005286,"{'name': 'Mountain Jr, William', 'phone': '2483300181', 'email': 'billm@northbloomfield.com', 'website': 'http://billmountainjr.com'}","{'name': 'North Bloomfield Properties', 'phone': '2483668484', 'email': 'leads@northbloomfield.com', 'website': 'www.northbloomfield.com'}","{'2026-01-26': {'event': 'Rental Listing', 'price': 1800, 'listingType': 'Standard', 'listedDate': '2026-01-26T00:00:00.000Z', 'removedDate': '2026-04-07T00:00:00.000Z', 'daysOnMarket': 71}}",,13939.0
"1980-Axtell-Dr,-Apt-5,-Troy,-MI-48084","1980 Axtell Dr, Apt 5, Troy, MI 48084",1980 Axtell Dr,Apt 5,Troy,MI,26,48084,Oakland,125,42.550475,-83.182285,Condo,1,1.0,900,1967.0,Inactive,1350,Standard,2026-01-14T00:00:00.000Z,2026-04-04T00:00:00.000Z,2021-05-26T00:37:06.716Z,2026-04-03T02:34:56.357Z,80,Realcomp,20261002818,"{'name': 'Andrew Konopada', 'phone': '2486465000', 'email': 'andy@andykhomes.com', 'website': 'http://www.andykhomes.com/'}","{'name': 'RE/MAX Classic', 'phone': '2486465000', 'email': 'info@classicrealtors.com', 'website': 'http://www.detroitmetrorealestate.com'}","{'2026-01-14': {'event': 'Rental Listing', 'price': 1350, 'listingType': 'Standard', 'listedDate': '2026-01-14T00:00:00.000Z', 'removedDate': '2026-04-04T00:00:00.000Z', 'daysOnMarket': 80}}",{'fee': 285},
"3292-Newbury-Pl,-Troy,-MI-48084","3292 Newbury Pl, Troy, MI 48084",3292 Newbury Pl,,Troy,MI,26,48084,Oakland,125,42.546422,-83.188518,Condo,2,2.5,1969,2001.0,Inactive,2400,Standard,2025-12-11T00:00:00.000Z,2026-04-03T00:00:00.000Z,2020-07-01T15:29:36.740Z,2026-04-02T02:31:25.710Z,113,Realcomp,20251058170,"{'name': 'Rong Li', 'phone': '2484203839', 'email': 'ronglobe@gmail.com'}","{'name': 'Bluesky Realty Experts', 'phone': '2482050181'}","{'2025-12-11': {'event': 'Rental Listing', 'price': 2400, 'listingType': 'Standard', 'listedDate': '2025-12-11T00:00:00.000Z', 'removedDate': '2026-04-03T00:00:00.000Z', 'daysOnMarket': 113}}",,
"1395-Ashford-Ct,-Unit-61,-Troy,-MI-48084","1395 Ashford Ct, Unit 61, Troy, MI 48084",1395 Ashford Ct,Unit 61,Troy,MI,26,48084,Oakland,125,42.546155,-83.188595,Townhouse,2,2.5,1398,2002.0,Inactive,1950,Standard,2026-02-18T00:00:00.000Z,2026-04-03T00:00:00.000Z,2019-08-10T02:51:38.240Z,2026-04-02T02:28:12.997Z,44,Realcomp,20261008960,"{'name': 'Lena Oskanian', 'phone': '2486446300', 'email': 'loskanian@cbweirmanuel.com', 'website': 'http://www.weirmanuel.com/agentprofile.php'}","{'name': 'Coldwell Banker Professionals - Birmingham ', 'phone': '2486446300', 'email': 'birmingham@cbpmichigan.com', 'website': 'http://www.coldwellbankerprofessionals.com/'}","{'2026-02-18': {'event': 'Rental Listing', 'price': 1950, 'listingType': 'Standard', 'listedDate': '2026-02-18T00:00:00.000Z', 'removedDate': '2026-04-03T00:00:00.000Z', 'daysOnMarket': 44}}",{'fee': 350},
"3730-Eastbourne-Dr,-Troy,-MI-48084","3730 Eastbourne Dr, Troy, MI 48084",3730 Eastbourne Dr,,Troy,MI,26,48084,Oakland,125,42.571987,-83.19529,Single Family,4,3.5,2500,1963.0,Inactive,2995,Standard,2025-10-28T00:00:00.000Z,2026-04-01T00:00:00.000Z,2022-01-20T01:15:10.859Z,2026-03-31T02:37:08.272Z,155,Realcomp,20251049327,"{'name': 'Mark Zawaideh', 'phone': '2482846990', 'email': 'info@jmzmanagement.com'}","{'name': 'Jmz Management', 'phone': '2482846990', 'email': 'markz@soldbymarkz.com', 'website': 'www.jmzmanagement.com'}","{'2025-08-23': {'event': 'Rental Listing', 'price': 3700, 'listingType': 'Standard', 'listedDate': '2025-08-23T00:00:00.000Z', 'removedDate': '2025-08-24T00:00:00.000Z', 'daysOnMarket': 1}, '2025-10-28': {'event': 'Rental Listing', 'price': 2995, 'listingType': 'Standard', 'listedDate': '2025-10-28T00:00:00.000Z', 'removedDate': '2026-04-01T00:00:00.000Z', 'daysOnMarket': 155}}",,14810.0
"919-Kirts-Blvd,-Troy,-MI-48084","919 Kirts Blvd, Troy, MI 48084",919 Kirts Blvd,,Troy,MI,26,48084,Oakland,125,42.555649,-83.160126,Townhouse,3,2.5,1400,,Inactive,2200,Standard,2026-03-03T00:00:00.000Z,2026-03-26T00:00:00.000Z,2026-03-04T00:00:00.000Z,2026-03-25T01:56:30.400Z,23,,,,,"{'2026-03-03': {'event': 'Rental Listing', 'price': 2200, 'listingType': 'Standard', 'listedDate': '2026-03-03T00:00:00.000Z', 'removedDate': '2026-03-26T00:00:00.000Z', 'daysOnMarket': 23}}",,
"1880-Pelican-Ct,-Troy,-MI-48084","1880 Pelican Ct, Troy, MI 48084",1880 Pelican Ct,,Troy,MI,26,48084,Oakland,125,42.574099,-83.184823,Single Family,5,3.5,3156,1973.0,Inactive,3100,Standard,2026-01-16T00:00:00.000Z,2026-03-24T00:00:00.000Z,2025-08-28T00:00:00.000Z,2026-03-23T02:37:01.476Z,67,Realcomp,20261003471,"{'name': 'Caroline Chen', 'phone': '2488168500', 'email': 'you_trust@hotmail.com', 'website': 'http://www.carolinechen.com/'}","{'name': 'Crown Properties International', 'phone': '2488168500', 'email': 'carolinechen@remax.net', 'website': 'https://crownpropint.com/'}","{'2025-08-27': {'event': 'Rental Listing', 'price': 3400, 'listingType': 'Standard', 'listedDate': '2025-08-27T00:00:00.000Z', 'removedDate': '2025-09-07T00:00:00.000Z', 'daysOnMarket': 11}, '2025-09-26': {'event': 'Rental Listing', 'price': 3000, 'listingType': 'Standard', 'listedDate': '2025-09-26T00:00:00.000Z', 'removedDate': '2025-11-07T00:00:00.000Z', 'daysOnMarket': 42}, '2026-01-16': {'event': 'Rental Listing', 'price': 3100, 'listingType': 'Standard', 'listedDate': '2026-01-16T00:00:00.000Z', 'removedDate': '2026-03-24T00:00:00.000Z', 'daysOnMarket': 67}}",,14375.0
"3266-Camden-Dr,-Troy,-MI-48084","3266 Camden Dr, Troy, MI 48084",3266 Camden Dr,,Troy,MI,26,48084,Oakland,125,42.546797,-83.189108,Townhouse,2,2.5,1872,2004.0,Inactive,2600,Standard,2026-03-06T00:00:00.000Z,2026-03-24T00:00:00.000Z,2026-03-07T00:00:00.000Z,2026-03-23T01:56:10.888Z,18,Realcomp,20261012384,"{'name': 'Octavia Autrey', 'phone': '2486443500', 'email': 'olaautrey@icloud.com', 'website': 'https://www.theagencyre.com/agent/octavia-autrey'}","{'name': 'THE AGENCY', 'phone': '2486443500', 'email': 'birmingham@theagencyre.com', 'website': 'https://www.theagencyre.com/region/michigan'}","{'2026-03-06': {'event': 'Rental Listing', 'price': 2600, 'listingType': 'Standard', 'listedDate': '2026-03-06T00:00:00.000Z', 'removedDate': '2026-03-24T00:00:00.000Z', 'daysOnMarket': 18}}",,
"2878-Summers-Pl,-Troy,-MI-48084","2878 Summers Pl, Troy, MI 48084",2878 Summers Pl,,Troy,MI,26,48084,Oakland,125,42.55999,-83.172726,Townhouse,3,2.5,1715,2023.0,Inactive,2900,Standard,2025-09-09T00:00:00.000Z,2026-03-10T00:00:00.000Z,2025-09-10T00:00:00.000Z,2026-03-09T02:27:41.219Z,182,Realcomp,20251034652,"{'name': 'Jinny Yun', 'phone': '2485241600', 'email': 'jinnyyun40@yahoo.com'}","{'name': 'CENTURY 21 Professionals - Troy', 'phone': '2486527700', 'email': 'rochester@c21professionals.com', 'website': 'http://c21professionals.com/'}","{'2025-09-09': {'event': 'Rental Listing', 'price': 2900, 'listingType': 'Standard', 'listedDate': '2025-09-09T00:00:00.000Z', 'removedDate': '2026-03-10T00:00:00.000Z', 'daysOnMarket': 182}}",,
"1223-Kirts-Blvd,-Unit-B,-Troy,-MI-48084","1223 Kirts Blvd, Unit B, Troy, MI 48084",1223 Kirts Blvd,Unit B,Troy,MI,26,48084,Oakland,125,42.55555,-83.163237,Townhouse,2,2.5,1200,1973.0,Inactive,2250,Standard,2026-01-31T00:00:00.000Z,2026-03-09T00:00:00.000Z,2026-02-01T00:00:00.000Z,2026-03-08T02:35:57.182Z,37,Realcomp,20261006313,"{'name': 'Hosam Amona', 'phone': '2486728626', 'email': 'hosam1amona@gmail.com'}","{'name': 'New Michigan Realty, Llc', 'phone': '8446396424', 'email': 'admin@newmichiganrealty.com', 'website': 'http://www.newmichiganrealty.com'}","{'2026-01-31': {'event': 'Rental Listing', 'price': 2250, 'listingType': 'Standard', 'listedDate': '2026-01-31T00:00:00.000Z', 'removedDate': '2026-03-09T00:00:00.000Z', 'daysOnMarket': 37}}",{'fee': 370},
"1399-Raliegh-Pl,-Troy,-MI-48084","1399 Raliegh Pl, Troy, MI 48084",1399 Raliegh Pl,,Troy,MI,26,48084,Oakland,125,42.546422,-83.188518,Condo,2,2.0,1470,2002.0,Inactive,2300,Standard,2026-02-11T00:00:00.000Z,2026-03-06T00:00:00.000Z,2025-10-17T00:00:00.000Z,2026-03-05T02:08:22.297Z,23,Realcomp,20261008800,"{'name': 'Loo Rose', 'phone': '2483303343', 'email': 'rhloo@netzero.net'}","{'name': 'National Realty Centers-Northville', 'phone': '2484681444', 'email': 'craig@nationalrealtycenters.com', 'website': 'www.nationalrealtycenters.com'}","{'2025-10-16': {'event': 'Rental Listing', 'price': 2250, 'listingType': 'Standard', 'listedDate': '2025-10-16T00:00:00.000Z', 'removedDate': '2025-11-04T00:00:00.000Z', 'daysOnMarket': 19}, '2026-02-11': {'event': 'Rental Listing', 'price': 2300, 'listingType': 'Standard', 'listedDate': '2026-02-11T00:00:00.000Z', 'removedDate': '2026-03-06T00:00:00.000Z', 'daysOnMarket': 23}}",{'fee': 380},
"2917-Summers-Pl,-Troy,-MI-48084","2917 Summers Pl, Troy, MI 48084",2917 Summers Pl,,Troy,MI,26,48084,Oakland,125,42.55999,-83.172726,Townhouse,3,2.5,1753,2023.0,Inactive,3400,Standard,2025-09-03T00:00:00.000Z,2026-03-03T00:00:00.000Z,2025-09-04T00:00:00.000Z,2026-03-02T02:40:55.778Z,181,Realcomp,20251032859,"{'name': 'Jinny Yun', 'phone': '2485241600', 'email': 'jinnyyun40@yahoo.com'}","{'name': 'CENTURY 21 Professionals - Troy', 'phone': '2486527700', 'email': 'rochester@c21professionals.com', 'website': 'http://c21professionals.com/'}","{'2025-09-03': {'event': 'Rental Listing', 'price': 3400, 'listingType': 'Standard', 'listedDate': '2025-09-03T00:00:00.000Z', 'removedDate': '2026-03-03T00:00:00.000Z', 'daysOnMarket': 181}}",{'fee': 249},
"1840-Axtell-Dr,-Apt-5,-Troy,-MI-48084","1840 Axtell Dr, Apt 5, Troy, MI 48084",1840 Axtell Dr,Apt 5,Troy,MI,26,48084,Oakland,125,42.550475,-83.182285,Condo,1,1.0,868,1967.0,Inactive,1400,Standard,2026-01-14T00:00:00.000Z,2026-02-23T00:00:00.000Z,2019-08-18T01:33:55.619Z,2026-02-22T02:08:44.948Z,40,Realcomp,20261002821,"{'name': 'Andrew Konopada', 'phone': '2486465000', 'email': 'andy@andykhomes.com', 'website': 'http://www.andykhomes.com/'}","{'name': 'RE/MAX Classic', 'phone': '2486465000', 'email': 'info@classicrealtors.com', 'website': 'http://www.detroitmetrorealestate.com'}","{'2026-01-14': {'event': 'Rental Listing', 'price': 1400, 'listingType': 'Standard', 'listedDate': '2026-01-14T00:00:00.000Z', 'removedDate': '2026-02-23T00:00:00.000Z', 'daysOnMarket': 40}}",{'fee': 285},
"2869-Troy-Center-Dr,-Troy,-MI-48084","2869 Troy Center Dr, Troy, MI 48084",2869 Troy Center Dr,,Troy,MI,26,48084,Oakland,125,42.559419,-83.163182,Apartment,1,1.0,668,1973.0,Inactive,1249,Standard,2024-04-12T00:00:00.000Z,2026-02-23T00:00:00.000Z,2019-11-06T11:03:04.191Z,2026-02-22T00:31:18.144Z,682,,,,,"{'2024-04-12': {'event': 'Rental Listing', 'price': 1249, 'listingType': 'Standard', 'listedDate': '2024-04-12T00:00:00.000Z', 'removedDate': '2026-02-23T00:00:00.000Z', 'daysOnMarket': 682}}",,
"177-Wilshire-Dr,-Troy,-MI-48084","177 Wilshire Dr, Troy, MI 48084",177 Wilshire Dr,,Troy,MI,26,48084,Oakland,125,42.563885,-83.163223,Apartment,0,1.0,431,2022.0,Inactive,1425,Standard,2025-01-03T00:00:00.000Z,2026-02-21T00:00:00.000Z,2022-01-13T02:23:53.838Z,2026-02-20T01:10:34.844Z,414,,,,,"{'2025-01-03': {'event': 'Rental Listing', 'price': 1425, 'listingType': 'Standard', 'listedDate': '2025-01-03T00:00:00.000Z', 'removedDate': '2026-02-21T00:00:00.000Z', 'daysOnMarket': 414}}",,
"953-Kirts-Blvd,-Troy,-MI-48084","953 Kirts Blvd, Troy, MI 48084",953 Kirts Blvd,,Troy,MI,26,48084,Oakland,125,42.555649,-83.160126,Townhouse,2,2.5,1350,1973.0,Inactive,1795,Standard,2025-11-25T00:00:00.000Z,2026-02-19T00:00:00.000Z,2025-12-13T00:00:00.000Z,2026-02-18T02:35:48.645Z,86,MiRealSource,50195037,"{'name': 'Hank Mendez', 'phone': '5865985988', 'email': 'hankrealtyexec@aol.com'}","{'name': 'Real Estate One Shelby Twp.', 'phone': '5865325500', 'email': 'customercare@realestateone.com', 'website': 'http://realestateone.com/shelbytwp'}","{'2025-11-25': {'event': 'Rental Listing', 'price': 1795, 'listingType': 'Standard', 'listedDate': '2025-11-25T00:00:00.000Z', 'removedDate': '2026-02-19T00:00:00.000Z', 'daysOnMarket': 86}}",,
"3711-Ruthland-Rd,-Troy,-MI-48084","3711 Ruthland Rd, Troy, MI 48084",3711 Ruthland Rd,,Troy,MI,26,48084,Oakland,125,42.572613,-83.152504,Single Family,3,2.0,1600,,Inactive,3000,Standard,2024-04-10T00:00:00.000Z,2026-02-18T00:00:00.000Z,2024-04-11T00:00:00.000Z,2026-02-17T02:54:42.291Z,679,,,,,"{'2024-04-10': {'event': 'Rental Listing', 'price': 3000, 'listingType': 'Standard', 'listedDate': '2024-04-10T00:00:00.000Z', 'removedDate': '2026-02-18T00:00:00.000Z', 'daysOnMarket': 679}}",,
"881-Brooklawn-Dr,-Troy,-MI-48084","881 Brooklawn Dr, Troy, MI 48084",881 Brooklawn Dr,,Troy,MI,26,48084,Oakland,125,42.556058,-83.199668,Single Family,3,1.5,1161,1955.0,Inactive,2700,Standard,2025-12-09T00:00:00.000Z,2026-02-12T00:00:00.000Z,2024-10-25T00:00:00.000Z,2026-02-11T02:39:43.939Z,65,Realcomp,20251059051,"{'name': 'Raymond Karoumy', 'phone': '2482774226', 'email': 'ray@docsofre.com'}","{'name': 'Top Agent Realty', 'phone': '5862020499', 'email': 'marketing@charleshousing.com'}","{'2024-10-24': {'event': 'Rental Listing', 'price': 2600, 'listingType': 'Standard', 'listedDate': '2024-10-24T00:00:00.000Z', 'removedDate': '2024-12-27T00:00:00.000Z', 'daysOnMarket': 64}, '2025-12-09': {'event': 'Rental Listing', 'price': 2700, 'listingType': 'Standard', 'listedDate': '2025-12-09T00:00:00.000Z', 'removedDate': '2026-02-12T00:00:00.000Z', 'daysOnMarket': 65}}",,6534.0
"3680-W-Big-Beaver-Rd,-Troy,-MI-48084","3680 W Big Beaver Rd, Troy, MI 48084",3680 W Big Beaver Rd,,Troy,MI,26,48084,Oakland,125,42.561456,-83.201396,Single Family,4,3.0,3491,,Inactive,2700,Standard,2026-02-10T00:00:00.000Z,2026-02-11T00:00:00.000Z,2020-07-18T13:40:44.455Z,2026-02-10T02:29:34.810Z,1,,,,,"{'2026-02-10': {'event': 'Rental Listing', 'price': 2700, 'listingType': 'Standard', 'listedDate': '2026-02-10T00:00:00.000Z', 'removedDate': '2026-02-11T00:00:00.000Z', 'daysOnMarket': 1}}",,
"2839-Lanergan-Dr,-Troy,-MI-48084","2839 Lanergan Dr, Troy, MI 48084",2839 Lanergan Dr,,Troy,MI,26,48084,Oakland,125,42.570744,-83.203623,Single Family,3,2.0,2563,1956.0,Inactive,3100,Standard,2025-11-10T00:00:00.000Z,2026-02-08T00:00:00.000Z,2025-11-11T00:00:00.000Z,2026-02-07T02:48:47.805Z,90,Realcomp,20251051740,"{'name': 'Diego Attanasio', 'phone': '5862221836', 'email': 'diegoattanasio@jsarealtors.com'}","{'name': 'Good Company', 'phone': '2487335811', 'email': 'pat@goodcompanyrealty.com'}","{'2025-11-10': {'event': 'Rental Listing', 'price': 3100, 'listingType': 'Standard', 'listedDate': '2025-11-10T00:00:00.000Z', 'removedDate': '2026-02-08T00:00:00.000Z', 'daysOnMarket': 90}}",,20909.0
"3285-Newbury-Pl,-Troy,-MI-48084","3285 Newbury Pl, Troy, MI 48084",3285 Newbury Pl,,Troy,MI,26,48084,Oakland,125,42.546427,-83.188425,Townhouse,2,2.5,1969,2002.0,Inactive,2750,Standard,2025-11-24T00:00:00.000Z,2026-02-06T00:00:00.000Z,2025-11-25T00:00:00.000Z,2026-02-05T01:24:40.749Z,74,Realcomp,20251056169,"{'name': 'Rudina Cure', 'phone': '2486466200', 'email': 'rudina@marveloans.com'}","{'name': 'Berkshire Hathaway HomeServices Kee Realty Bham', 'phone': '2486466200', 'email': 'john@keerealty.com', 'website': 'https://www.bhhskeerealty.com/'}","{'2025-11-24': {'event': 'Rental Listing', 'price': 2750, 'listingType': 'Standard', 'listedDate': '2025-11-24T00:00:00.000Z', 'removedDate': '2026-02-06T00:00:00.000Z', 'daysOnMarket': 74}}",{'fee': 365},
"898-Portsmouth-Dr,-Troy,-MI-48084","898 Portsmouth Dr, Troy, MI 48084",898 Portsmouth Dr,,Troy,MI,26,48084,Oakland,125,42.569831,-83.164447,Single Family,4,3.0,2200,1972.0,Inactive,3200,Standard,2025-12-17T00:00:00.000Z,2026-02-03T00:00:00.000Z,2025-12-18T00:00:00.000Z,2026-02-02T02:44:58.125Z,48,Realcomp,20251058625,"{'name': 'Paula Belanger', 'phone': '2485241600', 'email': 'paulabelanger@hotmail.com'}","{'name': 'Five Star Real Estate - Troy', 'phone': '2482322600'}","{'2025-12-17': {'event': 'Rental Listing', 'price': 3200, 'listingType': 'Standard', 'listedDate': '2025-12-17T00:00:00.000Z', 'removedDate': '2026-02-03T00:00:00.000Z', 'daysOnMarket': 48}}",,13504.0
"1582-Devon-Ln,-Unit-2,-Troy,-MI-48084","1582 Devon Ln, Unit 2, Troy, MI 48084",1582 Devon Ln,Unit 2,Troy,MI,26,48084,Oakland,125,42.546797,-83.189107,Townhouse,2,2.5,1413,2003.0,Inactive,1975,Standard,2025-11-26T00:00:00.000Z,2026-02-02T00:00:00.000Z,2019-07-10T12:43:30.094Z,2026-02-01T02:21:45.521Z,68,Realcomp,20251056734,"{'name': 'Lena Oskanian', 'phone': '2486446300', 'email': 'loskanian@cbweirmanuel.com', 'website': 'http://www.weirmanuel.com/agentprofile.php'}","{'name': 'Coldwell Banker Professionals - Birmingham ', 'phone': '2486446300', 'email': 'birmingham@cbpmichigan.com', 'website': 'http://www.coldwellbankerprofessionals.com/'}","{'2025-11-26': {'event': 'Rental Listing', 'price': 1975, 'listingType': 'Standard', 'listedDate': '2025-11-26T00:00:00.000Z', 'removedDate': '2026-02-02T00:00:00.000Z', 'daysOnMarket': 68}}",{'fee': 195},
"2861-Summers-Pl,-Troy,-MI-48084","2861 Summers Pl, Troy, MI 48084",2861 Summers Pl,,Troy,MI,26,48084,Oakland,125,42.55999,-83.172726,Townhouse,4,3.5,1759,2024.0,Inactive,3400,Standard,2025-08-15T00:00:00.000Z,2026-01-31T00:00:00.000Z,2025-08-15T00:00:00.000Z,2026-01-30T02:30:25.133Z,169,Realcomp,20251027511,"{'name': 'June Noh', 'phone': '2486468395', 'email': 'junenohrealtor@gmail.com'}","{'name': 'Keller Williams Paint Creek', 'phone': '2486098000', 'email': 'laithmarroki@kw.com', 'website': 'www.kw.com/kw'}","{'2025-08-15': {'event': 'Rental Listing', 'price': 3400, 'listingType': 'Standard', 'listedDate': '2025-08-15T00:00:00.000Z', 'removedDate': '2026-01-31T00:00:00.000Z', 'daysOnMarket': 169}}",,
"1129-Kirts-Blvd,-Unit-D,-Troy,-MI-48084","1129 Kirts Blvd, Unit D, Troy, MI 48084",1129 Kirts Blvd,Unit D,Troy,MI,26,48084,Oakland,125,42.55555,-83.163237,Condo,2,1.5,1200,,Inactive,2300,Standard,2026-01-23T00:00:00.000Z,2026-01-28T00:00:00.000Z,2025-04-13T00:00:00.000Z,2026-01-27T00:26:24.414Z,5,,,,,"{'2025-04-12': {'event': 'Rental Listing', 'price': 2400, 'listingType': 'Standard', 'listedDate': '2025-04-12T00:00:00.000Z', 'removedDate': '2025-05-13T00:00:00.000Z', 'daysOnMarket': 31}, '2026-01-23': {'event': 'Rental Listing', 'price': 2300, 'listingType': 'Standard', 'listedDate': '2026-01-23T00:00:00.000Z', 'removedDate': '2026-01-28T00:00:00.000Z', 'daysOnMarket': 5}}",,
"3274-Camden-Dr,-Troy,-MI-48084","3274 Camden Dr, Troy, MI 48084",3274 Camden Dr,,Troy,MI,26,48084,Oakland,125,42.546797,-83.189108,Condo,2,2.5,1910,2004.0,Inactive,2600,Standard,2026-01-12T00:00:00.000Z,2026-01-27T00:00:00.000Z,2026-01-13T00:00:00.000Z,2026-01-26T02:06:36.719Z,15,Realcomp,20261002337,"{'name': 'Bianca Reed', 'email': 'biancareedrealtor@gmail.com'}","{'name': 'Community Choice Realty Inc', 'phone': '2487290011', 'email': 'anthonydjon@gmail.com', 'website': 'https://www.homesforsaleinmich.com/'}","{'2026-01-12': {'event': 'Rental Listing', 'price': 2600, 'listingType': 'Standard', 'listedDate': '2026-01-12T00:00:00.000Z', 'removedDate': '2026-01-27T00:00:00.000Z', 'daysOnMarket': 15}}",,
"3255-Camden-Dr,-Troy,-MI-48084","3255 Camden Dr, Troy, MI 48084",3255 Camden Dr,,Troy,MI,26,48084,Oakland,125,42.546799,-83.18911,Single Family,2,2.0,2365,2004.0,Inactive,2600,Standard,2025-12-14T00:00:00.000Z,2026-01-25T00:00:00.000Z,2023-08-28T00:00:00.000Z,2026-01-24T02:33:33.382Z,42,,,,,"{'2025-11-06': {'event': 'Rental Listing', 'price': 2300, 'listingType': 'Standard', 'listedDate': '2025-11-06T00:00:00.000Z', 'removedDate': '2025-11-07T00:00:00.000Z', 'daysOnMarket': 1}, '2025-12-14': {'event': 'Rental Listing', 'price': 2600, 'listingType': 'Standard', 'listedDate': '2025-12-14T00:00:00.000Z', 'removedDate': '2026-01-25T00:00:00.000Z', 'daysOnMarket': 42}}",{'fee': 350},
"1438-Devon-Ln,-Troy,-MI-48084","1438 Devon Ln, Troy, MI 48084",1438 Devon Ln,,Troy,MI,26,48084,Oakland,125,42.546427,-83.188425,Townhouse,2,2.5,2300,2003.0,Inactive,2900,Standard,2025-10-02T00:00:00.000Z,2026-01-18T00:00:00.000Z,2019-11-06T11:05:23.319Z,2026-01-17T02:32:30.687Z,108,Realcomp,20251042149,"{'name': 'Chris J Gabriel', 'phone': '2482008771', 'email': 'losgabriel@gmail.com'}","{'name': 'Keller Williams DOMAIN Birmingham', 'phone': '2485900800', 'email': 'klrw1017@kw.com'}","{'2025-10-02': {'event': 'Rental Listing', 'price': 2900, 'listingType': 'Standard', 'listedDate': '2025-10-02T00:00:00.000Z', 'removedDate': '2026-01-18T00:00:00.000Z', 'daysOnMarket': 108}}",{'fee': 380},
"3046-Camden-Dr,-Troy,-MI-48084","3046 Camden Dr, Troy, MI 48084",3046 Camden Dr,,Troy,MI,26,48084,Oakland,125,42.546797,-83.189108,Townhouse,2,2.5,1406,2003.0,Inactive,2500,Standard,2025-12-19T00:00:00.000Z,2026-01-09T00:00:00.000Z,2019-11-11T18:54:59.999Z,2026-01-08T02:22:18.789Z,21,Realcomp,20251060474,"{'name': 'William Ersan', 'phone': '2488254606', 'email': 'william@mainsr.com', 'website': 'www.mainsr.com'}","{'name': 'BE Realty Group LLC', 'phone': '5867189677'}","{'2025-12-19': {'event': 'Rental Listing', 'price': 2500, 'listingType': 'Standard', 'listedDate': '2025-12-19T00:00:00.000Z', 'removedDate': '2026-01-09T00:00:00.000Z', 'daysOnMarket': 21}}",{'fee': 205},
